location:1:Term (http://terms.tdwg.org/wiki/dwc:Location)	Location		A spatial region or named place.
location:2:Term (http://terms.tdwg.org/wiki/dwc:locationID)	locationID		An identifier for the set of location information (data associated with dcterms:Location). May be a global unique identifier or an identifier specific to the data set.
location:3:Term (http://terms.tdwg.org/wiki/dwc:higherGeographyID)	higherGeographyID		An identifier for the geographic region within which the Location occurred. Recommended best practice is to use an persistent identifier from a controlled vocabulary such as the Getty Thesaurus of Geographic Names.
location:4:Term (http://terms.tdwg.org/wiki/dwc:higherGeography)	higherGeography		A list (concatenated and separated) of geographic names less specific than the information captured in the locality term.
location:5:Term (http://terms.tdwg.org/wiki/dwc:continent)	continent		The name of the continent in which the Location occurs. Recommended best practice is to use a controlled vocabulary such as the Getty Thesaurus of Geographic Names.
location:6:Term (http://terms.tdwg.org/wiki/dwc:waterBody)	waterBody		The name of the water body in which the Location occurs. Recommended best practice is to use a controlled vocabulary such as the Getty Thesaurus of Geographic Names.
location:7:Term (http://terms.tdwg.org/wiki/dwc:islandGroup)	islandGroup		The name of the island group in which the Location occurs. Recommended best practice is to use a controlled vocabulary such as the Getty Thesaurus of Geographic Names.
location:8:Term (http://terms.tdwg.org/wiki/dwc:island)	island		The name of the island on or near which the Location occurs. Recommended best practice is to use a controlled vocabulary such as the Getty Thesaurus of Geographic Names.
location:9:Term (http://terms.tdwg.org/wiki/dwc:country)	country	國家	The name of the country or major administrative unit in which the Location occurs. Recommended best practice is to use a controlled vocabulary such as the Getty Thesaurus of Geographic Names.
location:10:Term (http://terms.tdwg.org/wiki/dwc:countryCode)	countryCode		The standard code for the country in which the Location occurs. Recommended best practice is to use ISO 3166-1-alpha-2 country codes.
location:11:Term (http://terms.tdwg.org/wiki/dwc:stateProvince)	stateProvince		The name of the next smaller administrative region than country (state, province, canton, department, region, etc.) in which the Location occurs.
location:12:Term (http://terms.tdwg.org/wiki/dwc:county)	county	縣	The full, unabbreviated name of the next smaller administrative region than stateProvince (county, shire, department, etc.) in which the Location occurs.
location:13:Term (http://terms.tdwg.org/wiki/dwc:municipality)	municipality	鄉鎮	The full, unabbreviated name of the next smaller administrative region than county (city, municipality, etc.) in which the Location occurs. Do not use this term for a nearby named place that does not contain the actual location.
location:14:Term (http://terms.tdwg.org/wiki/dwc:locality)	locality	地點	The specific description of the place. Less specific geographic information can be provided in other geographic terms (higherGeography, continent, country, stateProvince, county, municipality, waterBody, island, islandGroup). This term may contain information modified from the original to correct perceived errors or standardize the description.
location:15:Term (http://terms.tdwg.org/wiki/dwc:verbatimLocality)	verbatimLocality		The original textual description of the place.
location:16:Term (http://terms.tdwg.org/wiki/dwc:minimumElevationInMeters)	minimumElevationInMeters	最小海拔(m)	The lower limit of the range of elevation (altitude, usually above sea level), in meters.
location:17:Term (http://terms.tdwg.org/wiki/dwc:maximumElevationInMeters)	maximumElevationInMeters	最大海拔(m)	The upper limit of the range of elevation (altitude, usually above sea level), in meters.
location:18:Term (http://terms.tdwg.org/wiki/dwc:verbatimElevation)	verbatimElevation	字面海拔	The original description of the elevation (altitude, usually above sea level) of the Location.
location:19:Term (http://terms.tdwg.org/wiki/dwc:minimumDepthInMeters)	minimumDepthInMeters	最小深度(m)	The lesser depth of a range of depth below the local surface, in meters.
location:20:Term (http://terms.tdwg.org/wiki/dwc:maximumDepthInMeters)	maximumDepthInMeters	最大深度(m)	The greater depth of a range of depth below the local surface, in meters.
location:21:Term (http://terms.tdwg.org/wiki/dwc:verbatimDepth)	verbatimDepth	字面深度	The original description of the depth below the local surface.
location:22:Term (http://terms.tdwg.org/wiki/dwc:minimumDistanceAboveSurfaceInMeters)	minimumDistanceAboveSurfaceInMeters		The lesser distance in a range of distance from a reference surface in the vertical direction, in meters. Use positive values for locations above the surface, negative values for locations below. If depth measures are given, the reference surface is the location given by the depth, otherwise the reference surface is the location given by the elevation.
location:23:Term (http://terms.tdwg.org/wiki/dwc:maximumDistanceAboveSurfaceInMeters)	maximumDistanceAboveSurfaceInMeters		The greater distance in a range of distance from a reference surface in the vertical direction, in meters. Use positive values for locations above the surface, negative values for locations below. If depth measures are given, the reference surface is the location given by the depth, otherwise the reference surface is the location given by the elevation.
location:24:Term (http://terms.tdwg.org/wiki/dwc:locationAccordingTo)	locationAccordingTo		Information about the source of this Location information. Could be a publication (gazetteer), institution, or team of individuals.
location:25:Term (http://terms.tdwg.org/wiki/dwc:locationRemarks)	locationRemarks		Comments or notes about the Location.
location:26:Term (http://terms.tdwg.org/wiki/dwc:decimalLatitude)	decimalLatitude	緯度	The geographic latitude (in decimal degrees, using the spatial reference system given in geodeticDatum) of the geographic center of a Location. Positive values are north of the Equator, negative values are south of it. Legal values lie between -90 and 90, inclusive.
location:27:Term (http://terms.tdwg.org/wiki/dwc:decimalLongitude)	decimalLongitude	經度	The geographic longitude (in decimal degrees, using the spatial reference system given in geodeticDatum) of the geographic center of a Location. Positive values are east of the Greenwich Meridian, negative values are west of it. Legal values lie between -180 and 180, inclusive.
location:28:Term (http://terms.tdwg.org/wiki/dwc:geodeticDatum)	geodeticDatum	大地基準	The ellipsoid, geodetic datum, or spatial reference system (SRS) upon which the geographic coordinates given in decimalLatitude and decimalLongitude as based. Recommended best practice is use the EPSG code as a controlled vocabulary to provide an SRS, if known. Otherwise use a controlled vocabulary for the name or code of the geodetic datum, if known. Otherwise use a controlled vocabulary for the name or code of the ellipsoid, if known. If none of these is known, use the value "unknown".
location:29:Term (http://terms.tdwg.org/wiki/dwc:coordinateUncertaintyInMeters)	coordinateUncertaintyInMeters	座標誤差(m)	The horizontal distance (in meters) from the given decimalLatitude and decimalLongitude describing the smallest circle containing the whole of the Location. Leave the value empty if the uncertainty is unknown, cannot be estimated, or is not applicable (because there are no coordinates). Zero is not a valid value for this term.
location:30:Term (http://terms.tdwg.org/wiki/dwc:coordinatePrecision)	coordinatePrecision		A decimal representation of the precision of the coordinates given in the decimalLatitude and decimalLongitude.
location:31:Term (http://terms.tdwg.org/wiki/dwc:pointRadiusSpatialFit)	pointRadiusSpatialFit		The ratio of the area of the point-radius (decimalLatitude, decimalLongitude, coordinateUncertaintyInMeters) to the area of the true (original, or most specific) spatial representation of the Location. Legal values are 0, greater than or equal to 1, or undefined. A value of 1 is an exact match or 100% overlap. A value of 0 should be used if the given point-radius does not completely contain the original representation. The pointRadiusSpatialFit is undefined (and should be left blank) if the original representation is a point without uncertainty and the given georeference is not that same point (without uncertainty). If both the original and the given georeference are the same point, the pointRadiusSpatialFit is 1.
location:32:Term (http://terms.tdwg.org/wiki/dwc:verbatimCoordinates)	verbatimCoordinates		The verbatim original spatial coordinates of the Location. The coordinate ellipsoid, geodeticDatum, or full Spatial Reference System (SRS) for these coordinates should be stored in verbatimSRS and the coordinate system should be stored in verbatimCoordinateSystem.
location:33:Term (http://terms.tdwg.org/wiki/dwc:verbatimLatitude)	verbatimLatitude		The verbatim original latitude of the Location. The coordinate ellipsoid, geodeticDatum, or full Spatial Reference System (SRS) for these coordinates should be stored in verbatimSRS and the coordinate system should be stored in verbatimCoordinateSystem.
location:34:Term (http://terms.tdwg.org/wiki/dwc:verbatimLongitude)	verbatimLongitude		The verbatim original longitude of the Location. The coordinate ellipsoid, geodeticDatum, or full Spatial Reference System (SRS) for these coordinates should be stored in verbatimSRS and the coordinate system should be stored in verbatimCoordinateSystem.
location:35:Term (http://terms.tdwg.org/wiki/dwc:verbatimCoordinateSystem)	verbatimCoordinateSystem		The spatial coordinate system for the verbatimLatitude and verbatimLongitude or the verbatimCoordinates of the Location. Recommended best practice is to use a controlled vocabulary.
location:36:Term (http://terms.tdwg.org/wiki/dwc:verbatimSRS)	verbatimSRS		The ellipsoid, geodetic datum, or spatial reference system (SRS) upon which coordinates given in verbatimLatitude and verbatimLongitude, or verbatimCoordinates are based. Recommended best practice is use the EPSG code as a controlled vocabulary to provide an SRS, if known. Otherwise use a controlled vocabulary for the name or code of the geodetic datum, if known. Otherwise use a controlled vocabulary for the name or code of the ellipsoid, if known. If none of these is known, use the value "unknown".
location:37:Term (http://terms.tdwg.org/wiki/dwc:footprintWKT)	footprintWKT		A Well-Known Text (WKT) representation of the shape (footprint, geometry) that defines the Location. A Location may have both a point-radius representation (see decimalLatitude) and a footprint representation, and they may differ from each other.
location:38:Term (http://terms.tdwg.org/wiki/dwc:footprintSRS)	footprintSRS		A Well-Known Text (WKT) representation of the Spatial Reference System (SRS) for the footprintWKT of the Location. Do not use this term to describe the SRS of the decimalLatitude and decimalLongitude, even if it is the same as for the footprintWKT - use the geodeticDatum instead.
location:39:Term (http://terms.tdwg.org/wiki/dwc:footprintSpatialFit)	footprintSpatialFit		The ratio of the area of the footprint (footprintWKT) to the area of the true (original, or most specific) spatial representation of the Location. Legal values are 0, greater than or equal to 1, or undefined. A value of 1 is an exact match or 100% overlap. A value of 0 should be used if the given footprint does not completely contain the original representation. The footprintSpatialFit is undefined (and should be left blank) if the original representation is a point and the given georeference is not that same point. If both the original and the given georeference are the same point, the footprintSpatialFit is 1.
location:40:Term (http://terms.tdwg.org/wiki/dwc:georeferencedBy)	georeferencedBy		A list (concatenated and separated) of names of people, groups, or organizations who determined the georeference (spatial representation) for the Location.
location:41:Term (http://terms.tdwg.org/wiki/dwc:georeferencedDate)	georeferencedDate		The date on which the Location was georeferenced. Recommended best practice is to use an encoding scheme, such as ISO 8601:2004(E).
location:42:Term (http://terms.tdwg.org/wiki/dwc:georeferenceProtocol)	georeferenceProtocol		A description or reference to the methods used to determine the spatial footprint, coordinates, and uncertainties.
location:43:Term (http://terms.tdwg.org/wiki/dwc:georeferenceSources)	georeferenceSources		A list (concatenated and separated) of maps, gazetteers, or other resources used to georeference the Location, described specifically enough to allow anyone in the future to use the same resources.
location:44:Term (http://terms.tdwg.org/wiki/dwc:georeferenceVerificationStatus)	georeferenceVerificationStatus		A categorical description of the extent to which the georeference has been verified to represent the best possible spatial description. Recommended best practice is to use a controlled vocabulary.
location:45:Term (http://terms.tdwg.org/wiki/dwc:georeferenceRemarks)	georeferenceRemarks		Notes or comments about the spatial description determination, explaining assumptions made in addition or opposition to the those formalized in the method referred to in georeferenceProtocol.
location:1:Definition of Location (http://terms.tdwg.org/wiki/dwc:Location)	A spatial region or named place.		
location:2:Definition of locationID (http://terms.tdwg.org/wiki/dwc:locationID)	An identifier for the set of location information (data associated with dcterms:Location). May be a global unique identifier or an identifier specific to the data set.		
location:3:Definition of higherGeographyID (http://terms.tdwg.org/wiki/dwc:higherGeographyID)	An identifier for the geographic region within which the Location occurred. Recommended best practice is to use an persistent identifier from a controlled vocabulary such as the Getty Thesaurus of Geographic Names.		
location:4:Definition of higherGeography (http://terms.tdwg.org/wiki/dwc:higherGeography)	A list (concatenated and separated) of geographic names less specific than the information captured in the locality term.		
location:5:Definition of continent (http://terms.tdwg.org/wiki/dwc:continent)	The name of the continent in which the Location occurs. Recommended best practice is to use a controlled vocabulary such as the Getty Thesaurus of Geographic Names.		
location:6:Definition of waterBody (http://terms.tdwg.org/wiki/dwc:waterBody)	The name of the water body in which the Location occurs. Recommended best practice is to use a controlled vocabulary such as the Getty Thesaurus of Geographic Names.		
location:7:Definition of islandGroup (http://terms.tdwg.org/wiki/dwc:islandGroup)	The name of the island group in which the Location occurs. Recommended best practice is to use a controlled vocabulary such as the Getty Thesaurus of Geographic Names.		
location:8:Definition of island (http://terms.tdwg.org/wiki/dwc:island)	The name of the island on or near which the Location occurs. Recommended best practice is to use a controlled vocabulary such as the Getty Thesaurus of Geographic Names.		
location:9:Definition of country (http://terms.tdwg.org/wiki/dwc:country)	The name of the country or major administrative unit in which the Location occurs. Recommended best practice is to use a controlled vocabulary such as the Getty Thesaurus of Geographic Names.		
location:10:Definition of countryCode (http://terms.tdwg.org/wiki/dwc:countryCode)	The standard code for the country in which the Location occurs. Recommended best practice is to use ISO 3166-1-alpha-2 country codes.		
location:11:Definition of stateProvince (http://terms.tdwg.org/wiki/dwc:stateProvince)	The name of the next smaller administrative region than country (state, province, canton, department, region, etc.) in which the Location occurs.		
location:12:Definition of county (http://terms.tdwg.org/wiki/dwc:county)	The full, unabbreviated name of the next smaller administrative region than stateProvince (county, shire, department, etc.) in which the Location occurs.		
location:13:Definition of municipality (http://terms.tdwg.org/wiki/dwc:municipality)	The full, unabbreviated name of the next smaller administrative region than county (city, municipality, etc.) in which the Location occurs. Do not use this term for a nearby named place that does not contain the actual location.		
location:14:Definition of locality (http://terms.tdwg.org/wiki/dwc:locality)	The specific description of the place. Less specific geographic information can be provided in other geographic terms (higherGeography, continent, country, stateProvince, county, municipality, waterBody, island, islandGroup). This term may contain information modified from the original to correct perceived errors or standardize the description.		
location:15:Definition of verbatimLocality (http://terms.tdwg.org/wiki/dwc:verbatimLocality)	The original textual description of the place.		
location:16:Definition of minimumElevationInMeters (http://terms.tdwg.org/wiki/dwc:minimumElevationInMeters)	The lower limit of the range of elevation (altitude, usually above sea level), in meters.		
location:17:Definition of maximumElevationInMeters (http://terms.tdwg.org/wiki/dwc:maximumElevationInMeters)	The upper limit of the range of elevation (altitude, usually above sea level), in meters.		
location:18:Definition of verbatimElevation (http://terms.tdwg.org/wiki/dwc:verbatimElevation)	The original description of the elevation (altitude, usually above sea level) of the Location.		
location:19:Definition of minimumDepthInMeters (http://terms.tdwg.org/wiki/dwc:minimumDepthInMeters)	The lesser depth of a range of depth below the local surface, in meters.		
location:20:Definition of maximumDepthInMeters (http://terms.tdwg.org/wiki/dwc:maximumDepthInMeters)	The greater depth of a range of depth below the local surface, in meters.		
location:21:Definition of verbatimDepth (http://terms.tdwg.org/wiki/dwc:verbatimDepth)	The original description of the depth below the local surface.		
location:22:Definition of minimumDistanceAboveSurfaceInMeters (http://terms.tdwg.org/wiki/dwc:minimumDistanceAboveSurfaceInMeters)	The lesser distance in a range of distance from a reference surface in the vertical direction, in meters. Use positive values for locations above the surface, negative values for locations below. If depth measures are given, the reference surface is the location given by the depth, otherwise the reference surface is the location given by the elevation.		
location:23:Definition of maximumDistanceAboveSurfaceInMeters (http://terms.tdwg.org/wiki/dwc:maximumDistanceAboveSurfaceInMeters)	The greater distance in a range of distance from a reference surface in the vertical direction, in meters. Use positive values for locations above the surface, negative values for locations below. If depth measures are given, the reference surface is the location given by the depth, otherwise the reference surface is the location given by the elevation.		
location:24:Definition of locationAccordingTo (http://terms.tdwg.org/wiki/dwc:locationAccordingTo)	Information about the source of this Location information. Could be a publication (gazetteer), institution, or team of individuals.		
location:25:Definition of locationRemarks (http://terms.tdwg.org/wiki/dwc:locationRemarks)	Comments or notes about the Location.		
location:26:Definition of decimalLatitude (http://terms.tdwg.org/wiki/dwc:decimalLatitude)	The geographic latitude (in decimal degrees, using the spatial reference system given in geodeticDatum) of the geographic center of a Location. Positive values are north of the Equator, negative values are south of it. Legal values lie between -90 and 90, inclusive.		
location:27:Definition of decimalLongitude (http://terms.tdwg.org/wiki/dwc:decimalLongitude)	The geographic longitude (in decimal degrees, using the spatial reference system given in geodeticDatum) of the geographic center of a Location. Positive values are east of the Greenwich Meridian, negative values are west of it. Legal values lie between -180 and 180, inclusive.		
location:28:Definition of geodeticDatum (http://terms.tdwg.org/wiki/dwc:geodeticDatum)	The ellipsoid, geodetic datum, or spatial reference system (SRS) upon which the geographic coordinates given in decimalLatitude and decimalLongitude as based. Recommended best practice is use the EPSG code as a controlled vocabulary to provide an SRS, if known. Otherwise use a controlled vocabulary for the name or code of the geodetic datum, if known. Otherwise use a controlled vocabulary for the name or code of the ellipsoid, if known. If none of these is known, use the value "unknown".		
location:29:Definition of coordinateUncertaintyInMeters (http://terms.tdwg.org/wiki/dwc:coordinateUncertaintyInMeters)	The horizontal distance (in meters) from the given decimalLatitude and decimalLongitude describing the smallest circle containing the whole of the Location. Leave the value empty if the uncertainty is unknown, cannot be estimated, or is not applicable (because there are no coordinates). Zero is not a valid value for this term.		
location:30:Definition of coordinatePrecision (http://terms.tdwg.org/wiki/dwc:coordinatePrecision)	A decimal representation of the precision of the coordinates given in the decimalLatitude and decimalLongitude.		
location:31:Definition of pointRadiusSpatialFit (http://terms.tdwg.org/wiki/dwc:pointRadiusSpatialFit)	The ratio of the area of the point-radius (decimalLatitude, decimalLongitude, coordinateUncertaintyInMeters) to the area of the true (original, or most specific) spatial representation of the Location. Legal values are 0, greater than or equal to 1, or undefined. A value of 1 is an exact match or 100% overlap. A value of 0 should be used if the given point-radius does not completely contain the original representation. The pointRadiusSpatialFit is undefined (and should be left blank) if the original representation is a point without uncertainty and the given georeference is not that same point (without uncertainty). If both the original and the given georeference are the same point, the pointRadiusSpatialFit is 1.		
location:32:Definition of verbatimCoordinates (http://terms.tdwg.org/wiki/dwc:verbatimCoordinates)	The verbatim original spatial coordinates of the Location. The coordinate ellipsoid, geodeticDatum, or full Spatial Reference System (SRS) for these coordinates should be stored in verbatimSRS and the coordinate system should be stored in verbatimCoordinateSystem.		
location:33:Definition of verbatimLatitude (http://terms.tdwg.org/wiki/dwc:verbatimLatitude)	The verbatim original latitude of the Location. The coordinate ellipsoid, geodeticDatum, or full Spatial Reference System (SRS) for these coordinates should be stored in verbatimSRS and the coordinate system should be stored in verbatimCoordinateSystem.		
location:34:Definition of verbatimLongitude (http://terms.tdwg.org/wiki/dwc:verbatimLongitude)	The verbatim original longitude of the Location. The coordinate ellipsoid, geodeticDatum, or full Spatial Reference System (SRS) for these coordinates should be stored in verbatimSRS and the coordinate system should be stored in verbatimCoordinateSystem.		
location:35:Definition of verbatimCoordinateSystem (http://terms.tdwg.org/wiki/dwc:verbatimCoordinateSystem)	The spatial coordinate system for the verbatimLatitude and verbatimLongitude or the verbatimCoordinates of the Location. Recommended best practice is to use a controlled vocabulary.		
location:36:Definition of verbatimSRS (http://terms.tdwg.org/wiki/dwc:verbatimSRS)	The ellipsoid, geodetic datum, or spatial reference system (SRS) upon which coordinates given in verbatimLatitude and verbatimLongitude, or verbatimCoordinates are based. Recommended best practice is use the EPSG code as a controlled vocabulary to provide an SRS, if known. Otherwise use a controlled vocabulary for the name or code of the geodetic datum, if known. Otherwise use a controlled vocabulary for the name or code of the ellipsoid, if known. If none of these is known, use the value "unknown".		
location:37:Definition of footprintWKT (http://terms.tdwg.org/wiki/dwc:footprintWKT)	A Well-Known Text (WKT) representation of the shape (footprint, geometry) that defines the Location. A Location may have both a point-radius representation (see decimalLatitude) and a footprint representation, and they may differ from each other.		
location:38:Definition of footprintSRS (http://terms.tdwg.org/wiki/dwc:footprintSRS)	A Well-Known Text (WKT) representation of the Spatial Reference System (SRS) for the footprintWKT of the Location. Do not use this term to describe the SRS of the decimalLatitude and decimalLongitude, even if it is the same as for the footprintWKT - use the geodeticDatum instead.		
location:39:Definition of footprintSpatialFit (http://terms.tdwg.org/wiki/dwc:footprintSpatialFit)	The ratio of the area of the footprint (footprintWKT) to the area of the true (original, or most specific) spatial representation of the Location. Legal values are 0, greater than or equal to 1, or undefined. A value of 1 is an exact match or 100% overlap. A value of 0 should be used if the given footprint does not completely contain the original representation. The footprintSpatialFit is undefined (and should be left blank) if the original representation is a point and the given georeference is not that same point. If both the original and the given georeference are the same point, the footprintSpatialFit is 1.		
location:40:Definition of georeferencedBy (http://terms.tdwg.org/wiki/dwc:georeferencedBy)	A list (concatenated and separated) of names of people, groups, or organizations who determined the georeference (spatial representation) for the Location.		
location:41:Definition of georeferencedDate (http://terms.tdwg.org/wiki/dwc:georeferencedDate)	The date on which the Location was georeferenced. Recommended best practice is to use an encoding scheme, such as ISO 8601:2004(E).		
location:42:Definition of georeferenceProtocol (http://terms.tdwg.org/wiki/dwc:georeferenceProtocol)	A description or reference to the methods used to determine the spatial footprint, coordinates, and uncertainties.		
location:43:Definition of georeferenceSources (http://terms.tdwg.org/wiki/dwc:georeferenceSources)	A list (concatenated and separated) of maps, gazetteers, or other resources used to georeference the Location, described specifically enough to allow anyone in the future to use the same resources.		
location:44:Definition of georeferenceVerificationStatus (http://terms.tdwg.org/wiki/dwc:georeferenceVerificationStatus)	A categorical description of the extent to which the georeference has been verified to represent the best possible spatial description. Recommended best practice is to use a controlled vocabulary.		
location:45:Definition of georeferenceRemarks (http://terms.tdwg.org/wiki/dwc:georeferenceRemarks)	Notes or comments about the spatial description determination, explaining assumptions made in addition or opposition to the those formalized in the method referred to in georeferenceProtocol.		
location:4:Comments of higherGeography (http://terms.tdwg.org/wiki/dwc:higherGeography)	The recommended best practice is to separate the values with a vertical bar (' | '), with terms in order from least specific to most specific.		
location:31:Comments of pointRadiusSpatialFit (http://terms.tdwg.org/wiki/dwc:pointRadiusSpatialFit)	Detailed explanations with graphical examples can be found in the "Guide to Best Practices for Georeferencing", Chapman and Wieczorek, eds. 2006.		
location:39:Comments of footprintSpatialFit (http://terms.tdwg.org/wiki/dwc:footprintSpatialFit)	Detailed explanations with graphical examples can be found in the "Guide to Best Practices for Georeferencing", Chapman and Wieczorek, eds. 2006.		
location:40:Comments of georeferencedBy (http://terms.tdwg.org/wiki/dwc:georeferencedBy)	The recommended best practice is to separate the values with a vertical bar (' | ').		
location:43:Comments of georeferenceSources (http://terms.tdwg.org/wiki/dwc:georeferenceSources)	The recommended best practice is to separate the values with a vertical bar (' | ').		
location:3:Examples of higherGeographyID (http://terms.tdwg.org/wiki/dwc:higherGeographyID)	"TGN: 1002002" for Prov. Tierra del Fuego, Argentina.		
location:4:Examples of higherGeography (http://terms.tdwg.org/wiki/dwc:higherGeography)	"North Atlantic Ocean",  "South America | Argentina | Patagonia | Parque Nacional Nahuel Huapi | Neuquén | Los Lagos" with accompanying values "South America" in Continent,  "Argentina" in Country,  "Neuquén" in StateProvince, and "Los Lagos" in County.		
location:5:Examples of continent (http://terms.tdwg.org/wiki/dwc:continent)	"Africa",  "Antarctica",  "Asia",  "Europe",  "North America",  "Oceania",  "South America".		
location:6:Examples of waterBody (http://terms.tdwg.org/wiki/dwc:waterBody)	"Indian Ocean",  "Baltic Sea",  "Hudson River".		
location:7:Examples of islandGroup (http://terms.tdwg.org/wiki/dwc:islandGroup)	"Alexander Archipelago",  "Seychelles".		
location:8:Examples of island (http://terms.tdwg.org/wiki/dwc:island)	"Isla Victoria",  "Vancouver",  "Viti Levu",  "Zanzibar".		
location:9:Examples of country (http://terms.tdwg.org/wiki/dwc:country)	"Denmark",  "Colombia",  "España".		
location:10:Examples of countryCode (http://terms.tdwg.org/wiki/dwc:countryCode)	"AR" for Argentina,  "SV" for El Salvador.		
location:11:Examples of stateProvince (http://terms.tdwg.org/wiki/dwc:stateProvince)	"Montana",  "Minas Gerais",  "Córdoba".		
location:12:Examples of county (http://terms.tdwg.org/wiki/dwc:county)	"Missoula",  "Los Lagos",  "Mataró".		
location:13:Examples of municipality (http://terms.tdwg.org/wiki/dwc:municipality)	"Holzminden".		
location:14:Examples of locality (http://terms.tdwg.org/wiki/dwc:locality)	"Bariloche, 25 km NNE via Ruta Nacional 40 (=Ruta 237)".		
location:15:Examples of verbatimLocality (http://terms.tdwg.org/wiki/dwc:verbatimLocality)	"25 km NNE Bariloche por R. Nac. 237".		
location:16:Examples of minimumElevationInMeters (http://terms.tdwg.org/wiki/dwc:minimumElevationInMeters)	"100".		
location:17:Examples of maximumElevationInMeters (http://terms.tdwg.org/wiki/dwc:maximumElevationInMeters)	"200".		
location:18:Examples of verbatimElevation (http://terms.tdwg.org/wiki/dwc:verbatimElevation)	"100-200 m".		
location:19:Examples of minimumDepthInMeters (http://terms.tdwg.org/wiki/dwc:minimumDepthInMeters)	"100".		
location:20:Examples of maximumDepthInMeters (http://terms.tdwg.org/wiki/dwc:maximumDepthInMeters)	"200".		
location:21:Examples of verbatimDepth (http://terms.tdwg.org/wiki/dwc:verbatimDepth)	"100-200 m".		
location:22:Examples of minimumDistanceAboveSurfaceInMeters (http://terms.tdwg.org/wiki/dwc:minimumDistanceAboveSurfaceInMeters)	1.5 meter sediment core from the bottom of a lake (at depth 20m) at 300m elevation; VerbatimElevation: "300m" MinimumElevationInMeters: "300", MaximumElevationInMeters: "300", VerbatimDepth: "20m", MinimumDepthInMeters: "20", MaximumDepthInMeters: "20", minimumDistanceAboveSurfaceInMeters: "0", maximumDistanceAboveSurfaceInMeters: "-1.5".		
location:23:Examples of maximumDistanceAboveSurfaceInMeters (http://terms.tdwg.org/wiki/dwc:maximumDistanceAboveSurfaceInMeters)	1.5 meter sediment core from the bottom of a lake (at depth 20m) at 300m elevation; VerbatimElevation: "300m" MinimumElevationInMeters: "300", MaximumElevationInMeters: "300", VerbatimDepth: "20m", MinimumDepthInMeters: "20", MaximumDepthInMeters: "20", minimumDistanceAboveSurfaceInMeters: "0", maximumDistanceAboveSurfaceInMeters: "-1.5".		
location:24:Examples of locationAccordingTo (http://terms.tdwg.org/wiki/dwc:locationAccordingTo)	"Getty Thesaurus of Geographic Names",  "GADM".		
location:25:Examples of locationRemarks (http://terms.tdwg.org/wiki/dwc:locationRemarks)	"under water since 2005".		
location:26:Examples of decimalLatitude (http://terms.tdwg.org/wiki/dwc:decimalLatitude)	"-41.0983423".		
location:27:Examples of decimalLongitude (http://terms.tdwg.org/wiki/dwc:decimalLongitude)	"-121.1761111".		
location:28:Examples of geodeticDatum (http://terms.tdwg.org/wiki/dwc:geodeticDatum)	"EPSG:4326",  "WGS84",  "NAD27",  "Campo Inchauspe",  "European 1950",  "Clarke 1866".		
location:29:Examples of coordinateUncertaintyInMeters (http://terms.tdwg.org/wiki/dwc:coordinateUncertaintyInMeters)	"30" (reasonable lower limit of a GPS reading under good conditions if the actual precision was not recorded at the time),  "71" (uncertainty for a UTM coordinate having 100 meter precision and a known spatial reference system).		
location:30:Examples of coordinatePrecision (http://terms.tdwg.org/wiki/dwc:coordinatePrecision)	"0.00001" (normal GPS limit for decimal degrees),  "0.000278" (nearest second),  "0.01667" (nearest minute),  "1.0" (nearest degree).		
location:32:Examples of verbatimCoordinates (http://terms.tdwg.org/wiki/dwc:verbatimCoordinates)	"41 05 54S 121 05 34W",  "17T 630000 4833400".		
location:33:Examples of verbatimLatitude (http://terms.tdwg.org/wiki/dwc:verbatimLatitude)	"41 05 54.03S".		
location:34:Examples of verbatimLongitude (http://terms.tdwg.org/wiki/dwc:verbatimLongitude)	"121d 10' 34" W".		
location:35:Examples of verbatimCoordinateSystem (http://terms.tdwg.org/wiki/dwc:verbatimCoordinateSystem)	"decimal degrees",  "degrees decimal minutes",  "degrees minutes seconds",  "UTM".		
location:36:Examples of verbatimSRS (http://terms.tdwg.org/wiki/dwc:verbatimSRS)	"EPSG:4326",  "WGS84",  "NAD27",  "Campo Inchauspe",  "European 1950",  "Clarke 1866".		
location:37:Examples of footprintWKT (http://terms.tdwg.org/wiki/dwc:footprintWKT)	the one-degree bounding box with opposite corners at (longitude=10, latitude=20) and (longitude=11, latitude=21) would be expressed in well-known text as POLYGON ((10 20, 11 20, 11 21, 10 21, 10 20)).		
location:38:Examples of footprintSRS (http://terms.tdwg.org/wiki/dwc:footprintSRS)	The WKT for the standard WGS84 SRS (EPSG:4326) is "GEOGCS["GCS_WGS_1984",DATUM["D_WGS_1984",SPHEROID["WGS_1984",6378137,298.257223563]],PRIMEM["Greenwich",0],UNIT["Degree",0.0174532925199433]]" without the enclosing quotes.		
location:40:Examples of georeferencedBy (http://terms.tdwg.org/wiki/dwc:georeferencedBy)	"Brad Millen (ROM)",  "Kristina Yamamoto (MVZ) | Janet Fang (MVZ)".		
location:41:Examples of georeferencedDate (http://terms.tdwg.org/wiki/dwc:georeferencedDate)	"1963-03-08T14:07-0600" is 8 Mar 1963 2:07pm in the time zone six hours earlier than UTC,  "2009-02-20T08:40Z" is 20 Feb 2009 8:40am UTC,  "1809-02-12" is 12 Feb 1809,  "1906-06" is Jun 1906,  "1971" is just that year,  "2007-03-01T13:00:00Z/2008-05-11T15:30:00Z" is the interval between 1 Mar 2007 1pm UTC and 11 May 2008 3:30pm UTC,  "2007-11-13/15" is the interval between 13 Nov 2007 and 15 Nov 2007.		
location:42:Examples of georeferenceProtocol (http://terms.tdwg.org/wiki/dwc:georeferenceProtocol)	"Guide to Best Practices for Georeferencing. (Chapman and Wieczorek, eds. 2006). Global Biodiversity Information Facility.",  "MaNIS/HerpNet/ORNIS Georeferencing Guidelines",  "Georeferencing Quick Reference Guide".		
location:43:Examples of georeferenceSources (http://terms.tdwg.org/wiki/dwc:georeferenceSources)	"GeoLocate",  "USGS 1:24000 Florence Montana Quad | Terrametrics 2008 on Google Earth".		
location:44:Examples of georeferenceVerificationStatus (http://terms.tdwg.org/wiki/dwc:georeferenceVerificationStatus)	"requires verification",  "verified by collector",  "verified by curator".		
location:45:Examples of georeferenceRemarks (http://terms.tdwg.org/wiki/dwc:georeferenceRemarks)	"assumed distance by road (Hwy. 101)".		
